-- Seed data for local testing. Test password for every generated account: 123456

SET NAMES utf8mb4;

INSERT INTO department (dept_id, dept_name, address, phone_code)
VALUES
  ('01', '计算机学院', '上大东校区三号楼', '65347567'),
  ('02', '通讯学院', '上大东校区二号楼', '65341234'),
  ('03', '材料学院', '上大东校区四号楼', '65347890'),
  ('04', '经济管理学院', '上大东校区五号楼', '65345678'),
  ('05', '外国语学院', '上大东校区六号楼', '65349876')
ON DUPLICATE KEY UPDATE
  dept_name = VALUES(dept_name),
  address = VALUES(address),
  phone_code = VALUES(phone_code);

INSERT INTO semesters (semester_id, semester_name, start_date, end_date, is_current)
VALUES
  ('201201', '2012学年第一学期', '2012-09-01', '2013-01-20', 0),
  ('201202', '2012学年第二学期', '2013-03-01', '2013-07-10', 0),
  ('201301', '2013学年第一学期', '2013-09-01', '2014-01-20', 0),
  ('201302', '2013学年第二学期', '2014-03-01', '2014-07-10', 0),
  ('201401', '2014学年第一学期', '2014-09-01', '2015-01-20', 0),
  ('201402', '2014学年第二学期', '2015-03-01', '2015-07-10', 1)
ON DUPLICATE KEY UPDATE
  semester_name = VALUES(semester_name),
  start_date = VALUES(start_date),
  end_date = VALUES(end_date),
  is_current = VALUES(is_current);

UPDATE semesters
SET is_current = CASE WHEN semester_id = '201402' THEN 1 ELSE 0 END;

INSERT INTO classrooms (classroom_id, building, floor_no, room_no, capacity, status)
VALUES
  ('A101', 'A', 1, '101', 60, 'available'),
  ('A102', 'A', 1, '102', 60, 'available'),
  ('A203', 'A', 2, '203', 80, 'available'),
  ('A304', 'A', 3, '304', 90, 'available'),
  ('A405', 'A', 4, '405', 100, 'available'),
  ('B101', 'B', 1, '101', 60, 'available'),
  ('B102', 'B', 1, '102', 60, 'available'),
  ('B202', 'B', 2, '202', 80, 'available'),
  ('B305', 'B', 3, '305', 90, 'available'),
  ('B405', 'B', 4, '405', 100, 'available'),
  ('C101', 'C', 1, '101', 60, 'available'),
  ('C102', 'C', 1, '102', 60, 'available'),
  ('C204', 'C', 2, '204', 80, 'available'),
  ('C306', 'C', 3, '306', 90, 'available'),
  ('C405', 'C', 4, '405', 100, 'available'),
  ('D101', 'D', 1, '101', 60, 'available'),
  ('D102', 'D', 1, '102', 60, 'available'),
  ('D203', 'D', 2, '203', 80, 'available'),
  ('D304', 'D', 3, '304', 90, 'available'),
  ('D405', 'D', 4, '405', 100, 'available'),
  ('E101', 'E', 1, '101', 60, 'available'),
  ('E202', 'E', 2, '202', 80, 'available'),
  ('E203', 'E', 2, '203', 80, 'available'),
  ('E303', 'E', 3, '303', 90, 'available'),
  ('E405', 'E', 4, '405', 100, 'available'),
  ('F101', 'F', 1, '101', 60, 'available'),
  ('F102', 'F', 1, '102', 60, 'available'),
  ('F204', 'F', 2, '204', 80, 'available'),
  ('F306', 'F', 3, '306', 90, 'available'),
  ('F405', 'F', 4, '405', 100, 'available'),
  ('G101', 'G', 1, '101', 60, 'available'),
  ('G102', 'G', 1, '102', 60, 'available'),
  ('G203', 'G', 2, '203', 80, 'available'),
  ('G305', 'G', 3, '305', 90, 'available'),
  ('G405', 'G', 4, '405', 100, 'available')
ON DUPLICATE KEY UPDATE
  building = VALUES(building),
  floor_no = VALUES(floor_no),
  room_no = VALUES(room_no),
  capacity = VALUES(capacity),
  status = VALUES(status);

INSERT INTO student (student_id, name, sex, date_of_birth, native_place, mobile_phone, dept_id, status)
VALUES
  ('1101', '李明', '男', '1993-03-06', '上海', '13613005486', '02', '正常'),
  ('1102', '刘晓明', '男', '1992-12-08', '安徽', '18913457890', '01', '正常'),
  ('1103', '张颖', '女', '1993-01-05', '江苏', '18826490423', '01', '正常'),
  ('1104', '刘晶晶', '女', '1994-11-06', '上海', '13331934111', '01', '正常'),
  ('1105', '刘成刚', '男', '1990-06-06', '上海', '18015872567', '01', '正常'),
  ('1106', '李二丽', '女', '1993-05-04', '江苏', '18107620945', '01', '正常'),
  ('1107', '张晓峰', '男', '1992-08-16', '浙江', '13912341078', '01', '正常'),
  ('1108', '王晨', '男', '1993-09-12', '山东', '13700000000', '01', '正常'),
  ('1109', '赵雨晴', '女', '1994-02-17', '浙江', '13700000001', '01', '正常'),
  ('1110', '陈思远', '男', '1993-07-21', '江苏', '13700000002', '02', '正常'),
  ('1111', '周雅雯', '女', '1994-04-03', '福建', '13700000003', '02', '正常'),
  ('1112', '黄子豪', '男', '1992-10-11', '广东', '13700000004', '03', '正常'),
  ('1113', '吴欣怡', '女', '1993-12-24', '湖北', '13700000005', '03', '正常'),
  ('1114', '郑浩然', '男', '1994-01-15', '河南', '13700000006', '04', '正常'),
  ('1115', '许佳宁', '女', '1993-08-29', '上海', '13700000007', '04', '正常'),
  ('1116', '孙一鸣', '男', '1992-11-30', '安徽', '13700000008', '05', '正常'),
  ('1117', '朱琳', '女', '1994-06-19', '江西', '13700000009', '05', '正常'),
  ('1118', '胡嘉豪', '男', '1993-05-09', '湖南', '13700000010', '01', '正常'),
  ('1119', '林可欣', '女', '1994-03-22', '浙江', '13700000011', '01', '正常'),
  ('1120', '高远', '男', '1992-09-14', '山东', '13700000012', '02', '正常'),
  ('1121', '罗婧', '女', '1993-11-08', '四川', '13700000013', '02', '正常'),
  ('1122', '梁博文', '男', '1994-07-02', '广东', '13700000014', '03', '正常'),
  ('1123', '宋佳琪', '女', '1993-02-26', '江苏', '13700000015', '03', '正常'),
  ('1124', '唐昊', '男', '1992-12-18', '重庆', '13700000016', '04', '正常'),
  ('1125', '韩悦', '女', '1994-05-13', '河南', '13700000017', '04', '正常'),
  ('1126', '谢文轩', '男', '1993-06-06', '湖北', '13700000018', '05', '正常'),
  ('1127', '邓雨薇', '女', '1994-09-25', '湖南', '13700000019', '05', '正常'),
  ('1128', '曹宇航', '男', '1993-01-18', '河北', '13700000020', '01', '正常'),
  ('1129', '彭诗涵', '女', '1994-10-07', '江西', '13700000021', '01', '正常'),
  ('1130', '袁泽宇', '男', '1992-08-05', '辽宁', '13700000022', '02', '正常'),
  ('1131', '曾梦瑶', '女', '1993-04-16', '福建', '13700000023', '02', '正常'),
  ('1132', '田嘉诚', '男', '1994-12-01', '山西', '13700000024', '03', '正常'),
  ('1133', '叶雨桐', '女', '1993-07-27', '浙江', '13700000025', '03', '正常'),
  ('1134', '丁睿', '男', '1992-05-20', '上海', '13700000026', '04', '正常'),
  ('1135', '潘思琪', '女', '1994-11-11', '安徽', '13700000027', '04', '正常'),
  ('1136', '邹俊杰', '男', '1993-03-03', '江苏', '13700000028', '05', '正常'),
  ('1137', '姜雪', '女', '1994-01-09', '山东', '13700000029', '05', '正常'),
  ('1138', '范成', '男', '1992-06-28', '广东', '13700000030', '01', '正常'),
  ('1139', '秦悦然', '女', '1993-10-31', '四川', '13700000031', '02', '正常'),
  ('1140', '姚天宇', '男', '1994-04-24', '重庆', '13700000032', '03', '正常')
ON DUPLICATE KEY UPDATE
  name = VALUES(name),
  sex = VALUES(sex),
  date_of_birth = VALUES(date_of_birth),
  native_place = VALUES(native_place),
  mobile_phone = VALUES(mobile_phone),
  dept_id = VALUES(dept_id),
  status = VALUES(status);

INSERT INTO teacher (staff_id, name, sex, date_of_birth, professional_ranks, salary, dept_id)
VALUES
  ('0101', '陈迪茂', '男', '1983-03-06', '教授', 7567, '01'),
  ('0102', '马小红', '女', '1992-12-08', '教授', 5845, '01'),
  ('0103', '吴宝钢', '男', '1990-11-06', '讲师', 5554, '01'),
  ('0201', '张心颖', '女', '1970-01-05', '教授', 9200, '02'),
  ('0104', '周建国', '男', '1981-09-18', '副教授', 6800, '01'),
  ('0105', '秦晓岚', '女', '1986-04-22', '讲师', 6100, '01'),
  ('0202', '林海', '男', '1980-07-12', '副教授', 7000, '02'),
  ('0301', '顾明', '男', '1978-10-30', '教授', 8800, '03'),
  ('0401', '何静', '女', '1984-05-14', '副教授', 7200, '04'),
  ('0501', '沈佳怡', '女', '1987-12-02', '讲师', 5900, '05')
ON DUPLICATE KEY UPDATE
  name = VALUES(name),
  sex = VALUES(sex),
  date_of_birth = VALUES(date_of_birth),
  professional_ranks = VALUES(professional_ranks),
  salary = VALUES(salary),
  dept_id = VALUES(dept_id);

INSERT INTO course (course_id, course_name, credit, credit_hours, dept_id)
VALUES
  ('08301001', '分子物理学', 4, 40, '03'),
  ('08302001', '通信学', 3, 30, '02'),
  ('08305001', '离散数学', 4, 40, '01'),
  ('08305002', '数据库原理', 4, 50, '01'),
  ('08305003', '数据结构', 4, 50, '01'),
  ('08305004', '系统结构', 6, 60, '01'),
  ('08305005', '操作系统', 4, 48, '01'),
  ('08305006', '计算机网络', 4, 48, '01'),
  ('08305007', '软件工程', 3, 36, '01'),
  ('08305008', '人工智能导论', 3, 36, '01'),
  ('08305009', 'Web应用开发', 3, 40, '01'),
  ('08302002', '数字信号处理', 3, 36, '02'),
  ('08302003', '移动通信', 3, 36, '02'),
  ('08301002', '材料力学', 4, 48, '03'),
  ('08301003', '工程材料学', 3, 36, '03'),
  ('08306001', '管理学原理', 3, 36, '04'),
  ('08306002', '会计学基础', 3, 36, '04'),
  ('08307001', '大学英语', 2, 32, '05')
ON DUPLICATE KEY UPDATE
  course_name = VALUES(course_name),
  credit = VALUES(credit),
  credit_hours = VALUES(credit_hours),
  dept_id = VALUES(dept_id);

INSERT INTO `class` (semester, course_id, staff_id, class_time, capacity, status, classroom)
VALUES
  ('201201', '08305001', '0103', '星期三5-6', 50, 'open', 'A101'),
  ('201201', '08305002', '0101', '星期二3-4', 50, 'open', 'A102'),
  ('201201', '08302001', '0201', '星期三1-2', 45, 'open', 'B101'),
  ('201201', '08301001', '0301', '星期四1-2', 50, 'open', 'C101'),
  ('201201', '08307001', '0501', '星期五3-4', 50, 'open', 'D101'),
  ('201201', '08306001', '0401', '星期三9-10', 50, 'open', 'E101'),
  ('201202', '08305002', '0101', '星期三1-2', 60, 'open', 'A203'),
  ('201202', '08305002', '0102', '星期三3-4', 55, 'open', 'B101'),
  ('201202', '08305002', '0103', '星期三5-6', 55, 'open', 'B202'),
  ('201202', '08305003', '0102', '星期五5-6', 55, 'open', 'C101'),
  ('201202', '08305005', '0104', '星期一3-4', 70, 'open', 'B305'),
  ('201202', '08302002', '0202', '星期二5-6', 70, 'open', 'D203'),
  ('201202', '08301002', '0301', '星期四5-6', 70, 'open', 'E202'),
  ('201301', '08305001', '0102', '星期一5-6', 70, 'closed', 'C204'),
  ('201301', '08305004', '0101', '星期二1-2', 50, 'open', 'D101'),
  ('201301', '08305006', '0105', '星期二3-4', 70, 'open', 'D203'),
  ('201301', '08305007', '0104', '星期三5-6', 80, 'open', 'E303'),
  ('201301', '08302003', '0202', '星期四1-2', 70, 'open', 'F204'),
  ('201301', '08301003', '0301', '星期五5-6', 70, 'open', 'G203'),
  ('201301', '08306002', '0401', '星期三9-10', 80, 'open', 'A304'),
  ('201302', '08301001', '0201', '星期四1-2', 70, 'closed', 'F204'),
  ('201302', '08302001', '0201', '星期一5-6', 70, 'open', 'A203'),
  ('201302', '08305002', '0101', '星期二1-2', 50, 'open', 'B101'),
  ('201302', '08305003', '0102', '星期二3-4', 60, 'open', 'B202'),
  ('201302', '08305005', '0104', '星期三1-2', 80, 'open', 'C306'),
  ('201302', '08305008', '0105', '星期三3-4', 90, 'open', 'D405'),
  ('201302', '08306001', '0401', '星期四5-6', 50, 'open', 'E101'),
  ('201302', '08307001', '0501', '星期五7-8', 50, 'open', 'G101'),
  ('201401', '08305001', '0103', '星期一1-2', 50, 'open', 'A101'),
  ('201401', '08305004', '0101', '星期一3-4', 50, 'open', 'A102'),
  ('201401', '08305006', '0105', '星期二1-2', 70, 'open', 'A203'),
  ('201401', '08305007', '0104', '星期二3-4', 80, 'open', 'B305'),
  ('201401', '08305009', '0105', '星期三5-6', 80, 'open', 'C306'),
  ('201401', '08302002', '0202', '星期四1-2', 70, 'open', 'D203'),
  ('201401', '08301002', '0301', '星期五1-2', 70, 'open', 'E202'),
  ('201401', '08306002', '0401', '星期五3-4', 80, 'closed', 'F306'),
  ('201402', '08305002', '0101', '星期一1-2', 50, 'open', 'A101'),
  ('201402', '08305003', '0102', '星期一3-4', 70, 'open', 'A203'),
  ('201402', '08305005', '0104', '星期二1-2', 60, 'open', 'B202'),
  ('201402', '08305006', '0105', '星期二3-4', 80, 'open', 'B305'),
  ('201402', '08305008', '0105', '星期三1-2', 70, 'open', 'C204'),
  ('201402', '08305009', '0104', '星期三3-4', 80, 'open', 'C306'),
  ('201402', '08302003', '0202', '星期四1-2', 70, 'open', 'D203'),
  ('201402', '08301003', '0301', '星期四3-4', 80, 'open', 'E303'),
  ('201402', '08307001', '0501', '星期五1-2', 50, 'open', 'F101'),
  ('201402', '08305001', '0103', '星期一1-2', 50, 'open', 'A102'),
  ('201402', '08305004', '0104', '星期一1-2', 60, 'open', 'A203'),
  ('201402', '08302001', '0201', '星期一1-2', 50, 'open', 'B101'),
  ('201402', '08306001', '0401', '星期一1-2', 60, 'open', 'E101'),
  ('201402', '08305002', '0102', '星期一3-4', 55, 'open', 'B102'),
  ('201402', '08305005', '0105', '星期一3-4', 60, 'open', 'B202'),
  ('201402', '08302002', '0202', '星期一3-4', 70, 'open', 'D203'),
  ('201402', '08301001', '0301', '星期一3-4', 60, 'open', 'C101'),
  ('201402', '08305003', '0101', '星期二1-2', 60, 'open', 'C102'),
  ('201402', '08305006', '0101', '星期二1-2', 60, 'open', 'C204'),
  ('201402', '08305007', '0105', '星期二1-2', 70, 'open', 'D304'),
  ('201402', '08301002', '0301', '星期二1-2', 70, 'open', 'E202'),
  ('201402', '08305004', '0101', '星期二3-4', 50, 'open', 'D101'),
  ('201402', '08305008', '0103', '星期二3-4', 70, 'open', 'E203'),
  ('201402', '08302003', '0201', '星期二3-4', 70, 'open', 'F204'),
  ('201402', '08306002', '0401', '星期二3-4', 70, 'open', 'F306'),
  ('201402', '08305001', '0102', '星期三1-2', 60, 'open', 'G101'),
  ('201402', '08305007', '0101', '星期三1-2', 60, 'open', 'G102'),
  ('201402', '08302001', '0202', '星期三1-2', 70, 'open', 'G203'),
  ('201402', '08301002', '0102', '星期三1-2', 70, 'open', 'A304'),
  ('201402', '08305002', '0103', '星期三3-4', 55, 'open', 'B405'),
  ('201402', '08305005', '0101', '星期三3-4', 60, 'open', 'C405'),
  ('201402', '08302002', '0201', '星期三3-4', 70, 'open', 'D405'),
  ('201402', '08301001', '0102', '星期三3-4', 70, 'open', 'E405'),
  ('201402', '08305006', '0103', '星期四1-2', 70, 'open', 'F405'),
  ('201402', '08306001', '0101', '星期四1-2', 60, 'open', 'A405'),
  ('201402', '08305008', '0102', '星期四3-4', 60, 'open', 'C102'),
  ('201402', '08302003', '0101', '星期四3-4', 60, 'open', 'D102'),
  ('201402', '08305009', '0105', '星期五1-2', 80, 'open', 'E203'),
  ('201402', '08306002', '0501', '星期五1-2', 70, 'open', 'G305')
ON DUPLICATE KEY UPDATE
  class_time = VALUES(class_time),
  capacity = VALUES(capacity),
  status = VALUES(status),
  classroom = VALUES(classroom);

-- bcrypt hash generated for plaintext password: 123456
SET @default_password_hash = '$2b$10$KPmJk68I/oJ01w9MleuPouus0itqy7t3McS3B0/KkH7AOSfObPIUu';

INSERT INTO users (username, password_hash, role, display_name, status)
VALUES ('admin', @default_password_hash, 'admin', '系统管理员', 'active')
ON DUPLICATE KEY UPDATE
  password_hash = VALUES(password_hash),
  role = VALUES(role),
  display_name = VALUES(display_name),
  status = VALUES(status);

INSERT INTO users (username, password_hash, role, display_name, student_id, status)
SELECT s.student_id, @default_password_hash, 'student', s.name, s.student_id, 'active'
FROM student AS s
ON DUPLICATE KEY UPDATE
  display_name = VALUES(display_name),
  student_id = VALUES(student_id),
  staff_id = NULL,
  role = VALUES(role),
  status = VALUES(status);

INSERT INTO users (username, password_hash, role, display_name, staff_id, status)
SELECT t.staff_id, @default_password_hash, 'teacher', t.name, t.staff_id, 'active'
FROM teacher AS t
ON DUPLICATE KEY UPDATE
  display_name = VALUES(display_name),
  staff_id = VALUES(staff_id),
  student_id = NULL,
  role = VALUES(role),
  status = VALUES(status);

DROP TEMPORARY TABLE IF EXISTS seed_course_selection_scores;
CREATE TEMPORARY TABLE seed_course_selection_scores (
  student_id CHAR(4) NOT NULL,
  semester CHAR(6) NOT NULL,
  course_id CHAR(8) NOT NULL,
  staff_id CHAR(4) NOT NULL,
  score DECIMAL(5,2) NULL,
  PRIMARY KEY (student_id, semester, course_id, staff_id)
);

INSERT INTO seed_course_selection_scores (student_id, semester, course_id, staff_id, score)
VALUES
  ('1101', '201201', '08305001', '0103', 57.75),
  ('1101', '201202', '08305002', '0101', 63.60),
  ('1101', '201301', '08305004', '0101', NULL),
  ('1101', '201302', '08302001', '0201', 86.40),
  ('1102', '201201', '08305001', '0103', 78.20),
  ('1102', '201202', '08305002', '0101', 84.50),
  ('1102', '201202', '08305003', '0102', 91.10),
  ('1102', '201301', '08305001', '0102', 73),
  ('1102', '201301', '08305004', '0101', NULL),
  ('1102', '201302', '08301001', '0201', 88),
  ('1102', '201302', '08302001', '0201', 92),
  ('1103', '201201', '08305001', '0103', 67.50),
  ('1103', '201202', '08305002', '0102', 72),
  ('1103', '201202', '08305003', '0102', 77),
  ('1103', '201301', '08305001', '0102', NULL),
  ('1103', '201301', '08305004', '0101', NULL),
  ('1103', '201302', '08301001', '0201', NULL),
  ('1103', '201302', '08302001', '0201', NULL),
  ('1104', '201201', '08305001', '0103', 95),
  ('1104', '201202', '08305002', '0101', 90),
  ('1104', '201202', '08305003', '0102', 81),
  ('1104', '201301', '08305001', '0102', 86),
  ('1104', '201301', '08305004', '0101', 95),
  ('1104', '201302', '08301001', '0201', 90),
  ('1104', '201302', '08302001', '0201', 93),
  ('1105', '201201', '08305001', '0103', 59),
  ('1105', '201202', '08305002', '0101', 66),
  ('1105', '201202', '08305003', '0102', 70),
  ('1105', '201301', '08305004', '0101', NULL),
  ('1105', '201302', '08302001', '0201', NULL),
  ('1106', '201201', '08305001', '0103', 82),
  ('1106', '201202', '08305002', '0102', 75),
  ('1106', '201202', '08305003', '0102', 69),
  ('1106', '201301', '08305004', '0101', NULL),
  ('1106', '201302', '08301001', '0201', 80),
  ('1107', '201201', '08305001', '0103', 88),
  ('1107', '201202', '08305002', '0103', 92),
  ('1107', '201202', '08305003', '0102', 85),
  ('1107', '201301', '08305001', '0102', 79),
  ('1107', '201301', '08305004', '0101', NULL),
  ('1107', '201302', '08302001', '0201', 87),
  ('1101', '201401', '08305001', '0103', 73),
  ('1102', '201401', '08305004', '0101', 84),
  ('1103', '201401', '08305006', '0105', 95),
  ('1104', '201401', '08305007', '0104', 59),
  ('1105', '201401', '08305009', '0105', 70),
  ('1106', '201401', '08302002', '0202', 81),
  ('1107', '201401', '08301002', '0301', 92),
  ('1108', '201401', '08306002', '0401', 56),
  ('1109', '201401', '08305001', '0103', 67),
  ('1110', '201401', '08305004', '0101', 78),
  ('1111', '201401', '08305006', '0105', 89),
  ('1112', '201401', '08305007', '0104', 53),
  ('1113', '201401', '08305009', '0105', 64),
  ('1114', '201401', '08302002', '0202', 75),
  ('1115', '201401', '08301002', '0301', 86),
  ('1116', '201401', '08306002', '0401', 97),
  ('1117', '201401', '08305001', '0103', 61),
  ('1118', '201401', '08305004', '0101', 72),
  ('1119', '201401', '08305006', '0105', 83),
  ('1120', '201401', '08305007', '0104', 94),
  ('1121', '201401', '08305009', '0105', 58),
  ('1122', '201401', '08302002', '0202', 69),
  ('1123', '201401', '08301002', '0301', 80),
  ('1124', '201401', '08306002', '0401', 91),
  ('1125', '201401', '08305001', '0103', 55),
  ('1126', '201401', '08305004', '0101', 66),
  ('1127', '201401', '08305006', '0105', 77),
  ('1128', '201401', '08305007', '0104', 88),
  ('1129', '201401', '08305009', '0105', 52),
  ('1130', '201401', '08302002', '0202', 63),
  ('1131', '201401', '08301002', '0301', 74),
  ('1132', '201401', '08306002', '0401', 85),
  ('1133', '201401', '08305001', '0103', 96),
  ('1134', '201401', '08305004', '0101', 60),
  ('1135', '201401', '08305006', '0105', 71),
  ('1136', '201401', '08305007', '0104', 82),
  ('1137', '201401', '08305009', '0105', 93),
  ('1138', '201401', '08302002', '0202', 57),
  ('1139', '201401', '08301002', '0301', 68),
  ('1140', '201401', '08306002', '0401', 79),
  ('1101', '201402', '08305005', '0104', NULL),
  ('1102', '201402', '08305006', '0105', 88),
  ('1103', '201402', '08305008', '0105', 95),
  ('1104', '201402', '08305009', '0104', NULL),
  ('1105', '201402', '08302003', '0202', 81),
  ('1106', '201402', '08301003', '0301', 88),
  ('1107', '201402', '08307001', '0501', NULL),
  ('1108', '201402', '08305002', '0101', 74),
  ('1109', '201402', '08305003', '0102', 81),
  ('1110', '201402', '08305005', '0104', NULL),
  ('1111', '201402', '08305006', '0105', 95),
  ('1112', '201402', '08305008', '0105', 74),
  ('1113', '201402', '08305009', '0104', NULL),
  ('1114', '201402', '08302003', '0202', 88),
  ('1115', '201402', '08301003', '0301', 95),
  ('1116', '201402', '08307001', '0501', NULL),
  ('1117', '201402', '08305002', '0101', 81),
  ('1118', '201402', '08305003', '0102', 88),
  ('1119', '201402', '08305005', '0104', NULL),
  ('1120', '201402', '08305006', '0105', 74),
  ('1121', '201402', '08305008', '0105', 81),
  ('1122', '201402', '08305009', '0104', NULL),
  ('1123', '201402', '08302003', '0202', 95),
  ('1124', '201402', '08301003', '0301', 74),
  ('1125', '201402', '08307001', '0501', NULL),
  ('1126', '201402', '08305002', '0101', 88),
  ('1127', '201402', '08305003', '0102', 95),
  ('1128', '201402', '08305005', '0104', NULL),
  ('1129', '201402', '08305006', '0105', 81),
  ('1130', '201402', '08305008', '0105', 88),
  ('1131', '201402', '08305009', '0104', NULL),
  ('1132', '201402', '08302003', '0202', 74),
  ('1133', '201402', '08301003', '0301', 81),
  ('1134', '201402', '08307001', '0501', NULL),
  ('1135', '201402', '08305002', '0101', 95),
  ('1136', '201402', '08305003', '0102', 74),
  ('1137', '201402', '08305005', '0104', NULL),
  ('1138', '201402', '08305006', '0105', 88),
  ('1139', '201402', '08305008', '0105', 95),
  ('1140', '201402', '08305009', '0104', NULL),
  ('1101', '201201', '08305002', '0101', 71),
  ('1101', '201301', '08305001', '0102', 72),
  ('1101', '201302', '08307001', '0501', 79),
  ('1102', '201201', '08302001', '0201', 82),
  ('1102', '201202', '08305002', '0102', 89),
  ('1103', '201201', '08301001', '0301', 93),
  ('1103', '201202', '08305002', '0103', 53),
  ('1103', '201301', '08305006', '0105', 94),
  ('1104', '201201', '08307001', '0501', 57),
  ('1104', '201301', '08305007', '0104', 58),
  ('1104', '201302', '08305002', '0101', 65),
  ('1105', '201201', '08306001', '0401', 68),
  ('1105', '201202', '08305005', '0104', 75),
  ('1105', '201301', '08302003', '0202', 69),
  ('1105', '201302', '08305003', '0102', 76),
  ('1106', '201202', '08302002', '0202', 86),
  ('1106', '201301', '08301003', '0301', 80),
  ('1106', '201302', '08305005', '0104', 87),
  ('1107', '201201', '08305002', '0101', 90),
  ('1107', '201202', '08301002', '0301', 97),
  ('1107', '201301', '08306002', '0401', 91),
  ('1107', '201302', '08305008', '0105', 98),
  ('1108', '201201', '08302001', '0201', 54),
  ('1108', '201202', '08305002', '0101', 61),
  ('1108', '201301', '08305001', '0102', 55),
  ('1108', '201302', '08306001', '0401', 62),
  ('1109', '201201', '08301001', '0301', 65),
  ('1109', '201202', '08305002', '0102', 72),
  ('1109', '201301', '08305004', '0101', 66),
  ('1109', '201302', '08307001', '0501', 73),
  ('1110', '201201', '08307001', '0501', 76),
  ('1110', '201202', '08305002', '0103', 83),
  ('1110', '201301', '08305006', '0105', 77),
  ('1110', '201302', '08301001', '0201', 84),
  ('1111', '201201', '08306001', '0401', 87),
  ('1111', '201202', '08305003', '0102', 94),
  ('1111', '201301', '08305007', '0104', 88),
  ('1111', '201302', '08302001', '0201', 95),
  ('1112', '201201', '08305001', '0103', 98),
  ('1112', '201202', '08305005', '0104', 58),
  ('1112', '201301', '08302003', '0202', 52),
  ('1112', '201302', '08305002', '0101', 59),
  ('1113', '201201', '08305002', '0101', 62),
  ('1113', '201202', '08302002', '0202', 69),
  ('1113', '201301', '08301003', '0301', 63),
  ('1113', '201302', '08305003', '0102', 70),
  ('1114', '201201', '08302001', '0201', 73),
  ('1114', '201202', '08301002', '0301', 80),
  ('1114', '201301', '08306002', '0401', 74),
  ('1114', '201302', '08305005', '0104', 81),
  ('1115', '201201', '08301001', '0301', 84),
  ('1115', '201202', '08305002', '0101', 91),
  ('1115', '201301', '08305001', '0102', 85),
  ('1115', '201302', '08305008', '0105', 92),
  ('1116', '201201', '08307001', '0501', 95),
  ('1116', '201202', '08305002', '0102', 55),
  ('1116', '201301', '08305004', '0101', 96),
  ('1116', '201302', '08306001', '0401', 56),
  ('1117', '201201', '08306001', '0401', 59),
  ('1101', '201402', '08302003', '0201', 77),
  ('1101', '201402', '08301002', '0102', 73),
  ('1101', '201402', '08301001', '0102', 98),
  ('1102', '201402', '08305006', '0101', 88),
  ('1102', '201402', '08301002', '0102', NULL),
  ('1102', '201402', '08301001', '0102', 90),
  ('1103', '201402', '08305004', '0101', 95),
  ('1103', '201402', '08301001', '0102', 82),
  ('1103', '201402', '08302003', '0202', NULL),
  ('1104', '201402', '08306002', '0401', 73),
  ('1104', '201402', '08301002', '0102', NULL),
  ('1104', '201402', '08302003', '0202', 70),
  ('1105', '201402', '08305001', '0102', NULL),
  ('1105', '201402', '08301001', '0102', 95),
  ('1105', '201402', '08301003', '0301', 77),
  ('1106', '201402', '08301001', '0102', 87),
  ('1106', '201402', '08302003', '0202', 83),
  ('1106', '201402', '08305009', '0105', NULL),
  ('1107', '201402', '08305005', '0101', 94),
  ('1107', '201402', '08302003', '0202', NULL),
  ('1107', '201402', '08301003', '0301', 90),
  ('1108', '201402', '08305006', '0103', 72),
  ('1108', '201402', '08301003', '0301', 82),
  ('1108', '201402', '08305009', '0105', NULL),
  ('1109', '201402', '08302003', '0101', NULL),
  ('1109', '201402', '08305009', '0105', 89),
  ('1109', '201402', '08302001', '0201', 75),
  ('1110', '201402', '08306002', '0501', 86),
  ('1110', '201402', '08302001', '0201', 96),
  ('1110', '201402', '08301001', '0301', NULL),
  ('1111', '201402', '08305001', '0103', 93),
  ('1111', '201402', '08301001', '0301', 84),
  ('1111', '201402', '08301002', '0301', 80),
  ('1112', '201402', '08306001', '0401', 71),
  ('1112', '201402', '08301001', '0301', NULL),
  ('1112', '201402', '08301002', '0301', 72),
  ('1113', '201402', '08305002', '0102', NULL),
  ('1113', '201402', '08301002', '0301', 93),
  ('1113', '201402', '08302003', '0201', NULL),
  ('1114', '201402', '08301002', '0301', 85),
  ('1114', '201402', '08302003', '0201', 81),
  ('1114', '201402', '08301002', '0102', 77),
  ('1115', '201402', '08305006', '0101', 92),
  ('1115', '201402', '08302003', '0201', NULL),
  ('1115', '201402', '08301002', '0102', 98),
  ('1116', '201402', '08305004', '0101', 70),
  ('1116', '201402', '08301002', '0102', 90),
  ('1116', '201402', '08301001', '0102', NULL),
  ('1117', '201402', '08306002', '0401', NULL),
  ('1117', '201402', '08301002', '0102', 82),
  ('1117', '201402', '08301001', '0102', 78),
  ('1118', '201402', '08305001', '0102', 84),
  ('1118', '201402', '08301001', '0102', NULL),
  ('1118', '201402', '08302003', '0202', 95),
  ('1119', '201402', '08301001', '0102', 91),
  ('1119', '201402', '08302003', '0202', 87),
  ('1119', '201402', '08301003', '0301', 73),
  ('1120', '201402', '08305005', '0101', 98),
  ('1120', '201402', '08302003', '0202', 79),
  ('1120', '201402', '08301003', '0301', NULL),
  ('1121', '201402', '08305006', '0103', NULL),
  ('1121', '201402', '08301003', '0301', 86),
  ('1121', '201402', '08305009', '0105', 72),
  ('1122', '201402', '08302003', '0101', 83),
  ('1122', '201402', '08305009', '0105', 93),
  ('1122', '201402', '08302001', '0201', 79),
  ('1123', '201402', '08306002', '0501', 90),
  ('1123', '201402', '08302001', '0201', NULL),
  ('1123', '201402', '08301001', '0301', 96),
  ('1124', '201402', '08305001', '0103', 97),
  ('1124', '201402', '08301001', '0301', 88),
  ('1124', '201402', '08301002', '0301', NULL),
  ('1125', '201402', '08306001', '0401', NULL),
  ('1125', '201402', '08301001', '0301', 80),
  ('1125', '201402', '08301002', '0301', 76),
  ('1126', '201402', '08305002', '0102', 82),
  ('1126', '201402', '08301002', '0301', NULL),
  ('1126', '201402', '08302003', '0201', 93),
  ('1127', '201402', '08301002', '0301', 89),
  ('1127', '201402', '08302003', '0201', 85)
ON DUPLICATE KEY UPDATE
  score = VALUES(score);

INSERT INTO course_selection (student_id, semester, course_id, staff_id, score, selection_status)
SELECT student_id, semester, course_id, staff_id, score, 'selected'
FROM seed_course_selection_scores
ON DUPLICATE KEY UPDATE
  score = VALUES(score),
  selection_status = 'selected',
  dropped_at = NULL;

INSERT INTO grades (selection_id, score, grade_status, graded_at)
SELECT cs.selection_id,
       cs.score,
       CASE WHEN cs.score IS NULL THEN 'pending' ELSE 'submitted' END,
       CASE WHEN cs.score IS NULL THEN NULL ELSE NOW() END
FROM course_selection AS cs
WHERE NOT EXISTS (
  SELECT 1
  FROM grades AS g
  WHERE g.selection_id = cs.selection_id
);

UPDATE grades AS g
JOIN course_selection AS cs ON cs.selection_id = g.selection_id
JOIN seed_course_selection_scores AS seed
  ON seed.student_id = cs.student_id
 AND seed.semester = cs.semester
 AND seed.course_id = cs.course_id
 AND seed.staff_id = cs.staff_id
SET g.regular_score = seed.score,
    g.exam_score = seed.score,
    g.score = seed.score,
    g.grade_status = IF(seed.score IS NULL, 'pending', 'submitted'),
    g.graded_at = IF(seed.score IS NULL, NULL, COALESCE(g.graded_at, NOW())),
    cs.score = seed.score;

-- Clean invalid historical selections introduced by older seed versions.
-- Keep the graded selection first, then the earlier selected record.
DELETE cs
FROM course_selection AS cs
JOIN (
  SELECT selection_id
  FROM (
    SELECT
      selection_id,
      ROW_NUMBER() OVER (
        PARTITION BY student_id, semester, course_id
        ORDER BY (score IS NOT NULL) DESC, selected_at ASC, selection_id ASC
      ) AS rn
    FROM course_selection
    WHERE selection_status = 'selected'
  ) AS ranked_same_course
  WHERE rn > 1
) AS invalid_same_course ON invalid_same_course.selection_id = cs.selection_id;

DELETE cs
FROM course_selection AS cs
JOIN (
  SELECT selection_id
  FROM (
    SELECT
      cs.selection_id,
      ROW_NUMBER() OVER (
        PARTITION BY cs.student_id, c.semester, c.class_time
        ORDER BY (cs.score IS NOT NULL) DESC, cs.selected_at ASC, cs.selection_id ASC
      ) AS rn
    FROM course_selection AS cs
    JOIN class AS c
      ON c.semester = cs.semester
     AND c.course_id = cs.course_id
     AND c.staff_id = cs.staff_id
    WHERE cs.selection_status = 'selected'
  ) AS ranked_same_time
  WHERE rn > 1
) AS invalid_same_time ON invalid_same_time.selection_id = cs.selection_id;

DROP TEMPORARY TABLE IF EXISTS seed_course_selection_scores;
